"Male","Female"
47342.65909,41514.38701
46382.3851,40964.06985
45812.91029,39170.19178
46409.65664,37936.57206
43796.05285,33981.77752
43124.02135,36077.27107
49443.81792,39174.05733
44805.79217,39037.372
44440.32001,29131.74865
46679.59218,36200.44592
47337.09786,38561.3987
47298.72531,33247.92306
41461.0474,33609.4874
43598.293,33669.22275
43431.18499,37805.83017
49266.41189,35846.13454
